country,year,gdp
Afghanistan,2009,438.076034
Albania,2009,4114.140114
Algeria,2009,3883.261271
Angola,2009,3122.780766
Antigua and Barbuda,2009,14113.07726
Argentina,2009,8225.137176
Armenia,2009,2994.342544
Australia,2009,42772.35917
Austria,2009,47963.1794
Azerbaijan,2009,4950.294791
Bahamas,2009,28552.19048
Bahrain,2009,19355.90467
Bangladesh,2009,702.26441
Barbados,2009,15885.57971
Belarus,2009,5351.355382
Belgium,2009,44583.54481
Belize,2009,4186.489965
Benin,2009,1084.3939
Bhutan,2009,1819.213401
Bolivia,2009,1754.211061
Bosnia and Herz.,2009,4714.702495
Botswana,2009,5255.768461
Brazil,2009,8597.915352
Bulgaria,2009,6984.965976
Burkina Faso,2009,621.673103
Burundi,2009,212.13688
Cabo Verde,2009,3517.401245
Cambodia,2009,738.054784
Cameroon,2009,1314.706015
Canada,2009,40773.06153
Central African Rep.,2009,474.705409
Chad,2009,800.464225
Chile,2009,10208.90676
China,2009,3832.235952
Colombia,2009,5193.241451
Comoros,2009,1339.337191
Dem. Rep. Congo,2009,298.619682
Congo,2009,2314.266025
Costa Rica,2009,6760.477515
Côte d'Ivoire,2009,1210.295426
Croatia,2009,14555.99645
Cuba,2009,5529.67036
Cyprus,2009,32109.24251
Czechia,2009,19741.59763
Denmark,2009,58163.27688
Djibouti,2009,1267.312801
Dominica,2009,6902.85717
Dominican Rep.,2009,5039.402596
Ecuador,2009,4231.615798
Egypt,2009,2329.23948
El Salvador,2009,2858.47963
Equatorial Guinea,2009,16667.93682
Estonia,2009,14794.97079
Eswatini,2009,3385.842926
Ethiopia,2009,380.569048
Fiji,2009,3362.816555
Finland,2009,47293.99283
France,2009,41575.41875
Gabon,2009,7690.052235
Gambia,2009,833.280403
Georgia,2009,2822.66743
Germany,2009,41485.90165
Ghana,2009,1074.75538
Greece,2009,29710.9703
Grenada,2009,7290.6971
Guatemala,2009,2695.221264
Guinea,2009,674.08555
Guinea-Bissau,2009,557.171615
Greenland,2009,2756.819889
Haiti,2009,672.036998
Honduras,2009,1789.706651
Hong Kong,2009,30697.34038
Hungary,2009,13046.48101
Iceland,2009,41333.41853
India,2009,1101.96084
Indonesia,2009,2261.247224
Iran,2009,5709.94798
Iraq,2009,3853.940935
Ireland,2009,52105.15248
Israel,2009,27715.63681
Italy,2009,37079.75867
Jamaica,2009,4316.231053
Japan,2009,40855.17564
Jordan,2009,3504.00246
Kazakhstan,2009,7165.223175
Kenya,2009,905.131786
South Korea,2009,19143.85161
Kuwait,2009,37561.67267
Kyrgyzstan,2009,871.224389
Laos,2009,948.653932
Latvia,2009,12257.21657
Lebanon,2009,7354.953605
Lesotho,2009,890.996383
Liberia,2009,470.94762
Libya,2009,10275.26656
Lithuania,2009,11837.39103
Luxembourg,2009,103198.6693
Macao SAR,2009,40796.96183
Madagascar,2009,467.539755
Malawi,2009,438.212043
Malaysia,2009,7292.494447
Maldives,2009,6636.412416
Mali,2009,698.898922
Mauritania,2009,1392.464144
Mauritius,2009,7318.12641
Mexico,2009,8002.972106
Moldova,2009,1899.010117
Mongolia,2009,1714.360545
Montenegro,2009,6727.107767
Morocco,2009,2866.924199
Mozambique,2009,519.760405
Myanmar,2009,734.446007
Namibia,2009,4265.258745
Nepal,2009,478.173182
Netherlands,2009,52514.02712
New Zealand,2009,28205.73284
Nicaragua,2009,1444.372527
Niger,2009,459.424173
Nigeria,2009,1891.33537
Macedonia,2009,4544.008835
Norway,2009,79977.69708
Oman,2009,16823.77165
Pakistan,2009,957.995681
Panama,2009,7576.140467
Paraguay,2009,3624.571058
Peru,2009,4196.312793
Philippines,2009,1905.894711
Poland,2009,11527.53442
Portugal,2009,23059.79745
Qatar,2009,59094.44494
Romania,2009,8548.118672
Russia,2009,8562.813277
Rwanda,2009,582.057277
Samoa,2009,3168.176706
San Marino,2009,66722.69931
Sao Tome and Principe,2009,1067.914125
Saudi Arabia,2009,16113.14249
Senegal,2009,1317.235687
Seychelles,2009,9706.95606
Sierra Leone,2009,391.201005
Singapore,2009,38927.20688
Slovakia,2009,16531.67051
Slovenia,2009,24694.23056
Solomon Islands,2009,1160.301648
South Africa,2009,5862.79734
Spain,2009,32042.47408
Sri Lanka,2009,2090.401826
Saint Kitts and Nevis,2009,15388.36724
Saint Lucia,2009,8137.845494
Saint Vincent and the Grenadines,2009,6232.719361
Sudan,2009,1163.796952
Suriname,2009,7408.389111
Sweden,2009,46946.96027
Switzerland,2009,69927.46877
Syria,2009,1900.2569
Tajikistan,2009,676.123419
Tanzania,2009,695.216777
Thailand,2009,4213.006339
Timor-Leste,2009,676.622759
Togo,2009,538.441952
Trinidad and Tobago,2009,14514.14172
Tunisia,2009,4128.462783
Turkey,2009,9038.52015
Turkmenistan,2009,4036.455999
Turks and Caicos Islands,2009,22019.65773
Uganda,2009,793.483286
Ukraine,2009,2542.995424
United Arab Emirates,2009,32024.1816
United Kingdom,2009,38713.13743
United States of America,2009,47099.98047
Uruguay,2009,9451.932449
Uzbekistan,2009,1213.265328
Vietnam,2009,1217.268555
Yemen,2009,1116.084594
Zambia,2009,1159.907762
Zimbabwe,2009,771.598786
Afghanistan,2010,543.303042
Albania,2010,4094.350334
Algeria,2010,4480.799271
Angola,2010,3587.883798
Antigua and Barbuda,2010,13049.25705
Argentina,2010,10385.96443
Armenia,2010,3218.372707
Australia,2010,52022.1256
Austria,2010,46858.04327
Azerbaijan,2010,5842.805784
Bahamas,2010,28443.40766
Bahrain,2010,20722.13729
Bangladesh,2010,781.153594
Barbados,2010,16056.37098
Belarus,2010,6029.3968
Belgium,2010,44141.87814
Belize,2010,4270.864345
Benin,2010,1036.533952
Bhutan,2010,2258.183141
Bolivia,2010,1955.461557
Bosnia and Herz.,2010,4635.517779
Botswana,2010,6434.815657
Brazil,2010,11286.24302
Bulgaria,2010,6809.898984
Burkina Faso,2010,647.835846
Burundi,2010,234.235647
Cabo Verde,2010,3378.25486
Cambodia,2010,785.502283
Cameroon,2010,1286.515572
Canada,2010,47448.01322
Central African Rep.,2010,488.421402
Chad,2010,892.56872
Chile,2010,12808.03459
China,2010,4550.453596
Colombia,2010,6336.709214
Comoros,2010,1316.498848
Dem. Rep. Congo,2010,334.021573
Congo,2010,2812.435974
Costa Rica,2010,8141.913127
Côte d'Ivoire,2010,1213.112645
Croatia,2010,13923.62858
Cuba,2010,5730.354775
Cyprus,2010,31023.63833
Czechia,2010,19808.07109
Denmark,2010,58041.39844
Djibouti,2010,1343.26873
Dominica,2010,6967.266654
Dominican Rep.,2010,5555.389722
Ecuador,2010,4633.590358
Egypt,2010,2644.817039
El Salvador,2010,2983.242708
Equatorial Guinea,2010,17288.8596
Estonia,2010,14790.82122
Eswatini,2010,4168.505177
Ethiopia,2010,341.554115
Fiji,2010,3652.527437
Finland,2010,46459.97325
France,2010,40638.334
Gabon,2010,8849.3553
Gambia,2010,860.637874
Georgia,2010,3233.295943
Germany,2010,41531.9342
Ghana,2010,1299.344949
Greece,2010,26917.75898
Grenada,2010,7257.756622
Guatemala,2010,2898.942215
Guinea,2010,672.424403
Guinea-Bissau,2010,557.632133
Greenland,2010,3033.247725
Haiti,2010,665.62742
Honduras,2010,1904.346465
Hong Kong,2010,32549.99823
Hungary,2010,13113.52596
Iceland,2010,43024.92349
India,2010,1357.563719
Indonesia,2010,3122.362815
Iran,2010,6599.660938
Iraq,2010,4657.280426
Ireland,2010,48715.17686
Israel,2010,30693.59308
Italy,2010,36000.52012
Jamaica,2010,4704.054455
Japan,2010,44507.67639
Jordan,2010,3690.113268
Kazakhstan,2010,9070.488253
Kenya,2010,951.687961
South Korea,2010,23087.22564
Kuwait,2010,38577.49828
Kyrgyzstan,2010,880.037775
Laos,2010,1140.599205
Latvia,2010,11348.40623
Lebanon,2010,7761.646191
Lesotho,2010,1137.275702
Liberia,2010,513.445699
Libya,2010,12064.78069
Lithuania,2010,11957.08421
Luxembourg,2010,104965.3061
Macao SAR,2010,52253.15531
Madagascar,2010,471.959197
Malawi,2010,478.66859
Malaysia,2010,9040.566251
Maldives,2010,7076.662423
Mali,2010,710.274202
Mauritania,2010,1610.923908
Mauritius,2010,8000.376432
Mexico,2010,9271.398233
Moldova,2010,2437.529978
Mongolia,2010,2643.292914
Montenegro,2010,6682.281158
Morocco,2010,2839.925168
Mozambique,2010,471.181693
Myanmar,2010,979.05163
Namibia,2010,5318.00694
Nepal,2010,592.401098
Netherlands,2010,50950.03434
New Zealand,2010,33700.12604
Nicaragua,2010,1503.870423
Niger,2010,473.299878
Nigeria,2010,2292.445156
Macedonia,2010,4542.899717
Norway,2010,87693.79007
Oman,2010,18756.97925
Pakistan,2010,987.409723
Panama,2010,8082.028459
Paraguay,2010,4355.934939
Peru,2010,5082.354757
Philippines,2010,2217.474009
Poland,2010,12599.53358
Portugal,2010,22498.69086
Qatar,2010,67403.1603
Romania,2010,8209.919456
Russia,2010,10674.99578
Rwanda,2010,612.343699
Samoa,2010,3566.362378
San Marino,2010,60239.34071
Sao Tome and Principe,2010,1094.710717
Saudi Arabia,2010,19262.54768
Senegal,2010,1280.22547
Seychelles,2010,10804.68447
Sierra Leone,2010,401.835001
Singapore,2010,47236.96023
Slovakia,2010,16727.29133
Slovenia,2010,23509.54339
Solomon Islands,2010,1290.398786
South Africa,2010,7328.615629
Spain,2010,30502.71971
Sri Lanka,2010,2799.648876
Saint Kitts and Nevis,2010,15508.76811
Saint Lucia,2010,8540.414378
Saint Vincent and the Grenadines,2010,6292.789487
Sudan,2010,1401.477474
Suriname,2010,8255.796859
Sweden,2010,52869.04429
Switzerland,2010,74605.72102
Syria,2010,2205.9423
Tajikistan,2010,749.552711
Tanzania,2010,743.403785
Thailand,2010,5076.340174
Timor-Leste,2010,806.407862
Togo,2010,534.044367
Trinidad and Tobago,2010,16683.35538
Tunisia,2010,4141.976353
Turkey,2010,10672.38925
Turkmenistan,2010,4439.200382
Turks and Caicos Islands,2010,21028.40814
Uganda,2010,815.873679
Ukraine,2010,2965.139715
United Arab Emirates,2010,33893.30351
United Kingdom,2010,39435.8399
United States of America,2010,48467.51578
Uruguay,2010,11992.01663
Uzbekistan,2010,1634.312095
Vietnam,2010,1317.890706
Yemen,2010,1334.784845
Zambia,2010,1489.459306
Zimbabwe,2010,948.331854
Afghanistan,2011,591.162759
Albania,2011,4437.142885
Algeria,2011,5455.853529
Angola,2011,4615.468028
Antigua and Barbuda,2011,12746.20502
Argentina,2011,12848.8642
Armenia,2011,3525.804747
Australia,2011,62517.83375
Austria,2011,51374.95841
Azerbaijan,2011,7189.691229
Bahamas,2011,28006.37972
Bahrain,2011,22514.23795
Bangladesh,2011,861.758444
Barbados,2011,16458.35321
Belarus,2011,6519.230195
Belgium,2011,47348.52502
Belize,2011,4423.489797
Benin,2011,1130.273132
Bhutan,2011,2563.257527
Bolivia,2011,2346.33717
Bosnia and Herz.,2011,5092.551943
Botswana,2011,7617.325094
Brazil,2011,13245.6125
Bulgaria,2011,7806.348652
Burkina Faso,2011,751.172957
Burundi,2011,249.577979
Cabo Verde,2011,3740.389099
Cambodia,2011,882.275493
Cameroon,2011,1405.094392
Canada,2011,52087.44638
Central African Rep.,2011,551.750097
Chad,2011,984.735892
Chile,2011,14637.24024
China,2011,5618.132491
Colombia,2011,7335.11051
Comoros,2011,1447.963587
Dem. Rep. Congo,2011,387.082465
Congo,2011,3286.694535
Costa Rica,2011,9121.932518
Côte d'Ivoire,2011,1208.583026
Croatia,2011,14566.63847
Cuba,2011,6139.71933
Cyprus,2011,32396.38574
Czechia,2011,21717.45794
Denmark,2011,61753.64713
Djibouti,2011,1451.54298
Dominica,2011,7065.061847
Dominican Rep.,2011,5913.432072
Ecuador,2011,5200.55579
Egypt,2011,2791.954962
El Salvador,2011,3266.045875
Equatorial Guinea,2011,21641.87052
Estonia,2011,17621.54744
Eswatini,2011,4496.600379
Ethiopia,2011,354.479576
Fiji,2011,4371.45751
Finland,2011,51081.99767
France,2011,43790.73205
Gabon,2011,10809.64645
Gambia,2011,762.761054
Georgia,2011,4021.743306
Germany,2011,46644.77603
Ghana,2011,1549.462902
Greece,2011,25916.29353
Grenada,2011,7291.058897
Guatemala,2011,3281.667502
Guinea,2011,651.135363
Guinea-Bissau,2011,702.74288
Greenland,2011,3425.436441
Haiti,2011,744.217427
Honduras,2011,2088.3153
Hong Kong,2011,35142.48793
Hungary,2011,14150.96673
Iceland,2011,47516.87469
India,2011,1458.103527
Indonesia,2011,3643.043936
Iran,2011,7781.406114
Iraq,2011,6045.495551
Ireland,2011,51848.90973
Israel,2011,33669.24647
Italy,2011,38599.06221
Jamaica,2011,5111.471413
Japan,2011,48167.99727
Jordan,2011,3816.279258
Kazakhstan,2011,11634.0019
Kenya,2011,971.633329
South Korea,2011,25096.26388
Kuwait,2011,48631.6913
Kyrgyzstan,2011,1123.883168
Laos,2011,1378.361365
Latvia,2011,13832.39118
Lebanon,2011,7674.83535
Lesotho,2011,1308.690066
Liberia,2011,596.897081
Libya,2011,5554.179164
Lithuania,2011,14354.18838
Luxembourg,2011,115761.5077
Macao SAR,2011,66644.38534
Madagascar,2011,531.265572
Malawi,2011,534.951265
Malaysia,2011,10399.37275
Maldives,2011,7291.42764
Mali,2011,837.603441
Mauritania,2011,1879.771427
Mauritius,2011,9197.026972
Mexico,2011,10203.42085
Moldova,2011,2942.255949
Mongolia,2011,3757.558633
Montenegro,2011,7318.74469
Morocco,2011,3046.949136
Mozambique,2011,594.586467
Myanmar,2011,1176.242453
Namibia,2011,5723.32549
Nepal,2011,699.429338
Netherlands,2011,54159.34661
New Zealand,2011,38437.54316
Nicaragua,2011,1655.801824
Niger,2011,508.396568
Nigeria,2011,2520.404166
Macedonia,2011,5063.786986
Norway,2011,100600.5624
Oman,2011,20921.14598
Pakistan,2011,1164.976129
Panama,2011,9358.251475
Paraguay,2011,5322.96376
Peru,2011,5869.32308
Philippines,2011,2450.733656
Poland,2011,13893.50926
Portugal,2011,23186.91313
Qatar,2011,82409.58033
Romania,2011,9104.995622
Russia,2011,14311.08432
Rwanda,2011,671.50994
Samoa,2011,3933.459357
San Marino,2011,57286.655
Sao Tome and Principe,2011,1263.868022
Saudi Arabia,2011,23745.80161
Senegal,2011,1373.520789
Seychelles,2011,12189.09516
Sierra Leone,2011,448.337526
Singapore,2011,53890.42873
Slovakia,2011,18338.36223
Slovenia,2011,25095.13263
Solomon Islands,2011,1722.418121
South Africa,2011,8007.412846
Spain,2011,31636.44631
Sri Lanka,2011,3200.833829
Saint Kitts and Nevis,2011,16538.17144
Saint Lucia,2011,8983.436673
Saint Vincent and the Grenadines,2011,6242.195332
Sudan,2011,1437.773295
Suriname,2011,8263.172923
Sweden,2011,60755.75955
Switzerland,2011,88415.62806
Syria,2011,1400.2365
Tajikistan,2011,847.382102
Tanzania,2011,781.437014
Thailand,2011,5492.121256
Timor-Leste,2011,947.51373
Togo,2011,587.097137
Trinidad and Tobago,2011,19034.1492
Tunisia,2011,4264.674946
Turkey,2011,11335.51051
Turkmenistan,2011,5649.952278
Turks and Caicos Islands,2011,21835.08314
Uganda,2011,825.838435
Ukraine,2011,3569.758121
United Arab Emirates,2011,39194.67662
United Kingdom,2011,42038.57225
United States of America,2011,49886.81811
Uruguay,2011,14236.68119
Uzbekistan,2011,1926.292997
Vietnam,2011,1525.115988
Yemen,2011,1374.621285
Zambia,2011,1672.908251
Zimbabwe,2011,1093.654002
Afghanistan,2012,641.871479
Albania,2012,4247.629984
Algeria,2012,5592.257099
Angola,2012,5100.095808
Antigua and Barbuda,2012,13272.44133
Argentina,2012,13082.66433
Armenia,2012,3681.857456
Australia,2012,68012.1479
Austria,2012,48567.69529
Azerbaijan,2012,7496.294648
Bahamas,2012,29485.62093
Bahrain,2012,23654.35139
Bangladesh,2012,883.105001
Barbados,2012,16249.55939
Belarus,2012,6940.159254
Belgium,2012,44673.11588
Belize,2012,4505.621302
Benin,2012,1145.140811
Bhutan,2012,2538.9459
Bolivia,2012,2609.880819
Bosnia and Herz.,2012,4778.636088
Botswana,2012,7070.37655
Brazil,2012,12370.0242
Bulgaria,2012,7393.189177
Burkina Faso,2012,758.000701
Burundi,2012,252.35898
Cabo Verde,2012,3447.524041
Cambodia,2012,950.880346
Cameroon,2012,1354.545613
Canada,2012,52678.39012
Central African Rep.,2012,565.800697
Chad,2012,967.352798
Chile,2012,15351.55133
China,2012,6316.918863
Colombia,2012,8050.058414
Comoros,2012,1403.34862
Dem. Rep. Congo,2012,424.600386
Congo,2012,3032.493883
Costa Rica,2012,9913.209959
Côte d'Ivoire,2012,1243.273487
Croatia,2012,13238.10193
Cuba,2012,6497.321113
Cyprus,2012,28912.15694
Czechia,2012,19729.87051
Denmark,2012,58507.50805
Djibouti,2012,1559.240651
Dominica,2012,6848.394227
Dominican Rep.,2012,6110.369652
Ecuador,2012,5682.045007
Egypt,2012,3232.648892
El Salvador,2012,3428.384736
Equatorial Guinea,2012,21711.15323
Estonia,2012,17534.42154
Eswatini,2012,4527.668988
Ethiopia,2012,467.077927
Fiji,2012,4591.555784
Finland,2012,47710.79022
France,2012,40874.70351
Gabon,2012,9813.477703
Gambia,2012,742.781138
Georgia,2012,4421.818242
Germany,2012,43858.36306
Ghana,2012,1587.561237
Greece,2012,22242.68193
Grenada,2012,7444.504768
Guatemala,2012,3408.784916
Guinea,2012,717.050738
Guinea-Bissau,2012,616.411686
Greenland,2012,3788.146749
Haiti,2012,769.749381
Honduras,2012,2144.342611
Hong Kong,2012,36730.8767
Hungary,2012,12918.24752
Iceland,2012,45910.02055
India,2012,1443.879529
Indonesia,2012,3694.348946
Iran,2012,7927.846902
Iraq,2012,6836.027313
Ireland,2012,48917.89756
Israel,2012,32511.23785
Italy,2012,35053.52624
Jamaica,2012,5209.851931
Japan,2012,48603.47665
Jordan,2012,3877.339345
Kazakhstan,2012,12386.7
Kenya,2012,1136.871406
South Korea,2012,25466.76052
Kuwait,2012,51979.10517
Kyrgyzstan,2012,1177.974735
Laos,2012,1581.395403
Latvia,2012,13850.64282
Lebanon,2012,7950.695378
Lesotho,2012,1253.696202
Liberia,2012,657.936256
Libya,2012,13025.28139
Lithuania,2012,14339.28787
Luxembourg,2012,106749.0136
Macao SAR,2012,76291.84749
Madagascar,2012,518.152954
Malawi,2012,391.561832
Malaysia,2012,10817.44287
Maldives,2012,7265.613656
Mali,2012,778.619286
Mauritania,2012,1815.219429
Mauritius,2012,9291.227619
Mexico,2012,10241.72792
Moldova,2012,3045.739874
Mongolia,2012,4351.88692
Montenegro,2012,6586.721279
Morocco,2012,2912.658275
Mozambique,2012,657.645338
Myanmar,2012,1165.794329
Namibia,2012,5942.273788
Nepal,2012,698.466479
Netherlands,2012,50073.00566
New Zealand,2012,39982.7543
Nicaragua,2012,1760.454387
Niger,2012,526.350966
Nigeria,2012,2746.991789
Macedonia,2012,4698.141294
Norway,2012,101524.1419
Oman,2012,21902.58136
Pakistan,2012,1198.109001
Panama,2012,10722.28363
Paraguay,2012,5183.082877
Peru,2012,6528.972218
Philippines,2012,2694.305473
Poland,2012,13145.53926
Portugal,2012,20564.88986
Qatar,2012,85076.14793
Romania,2012,8535.046876
Russia,2012,15420.87454
Rwanda,2012,728.697297
Samoa,2012,4022.19912
San Marino,2012,49985.34957
Sao Tome and Principe,2012,1340.527702
Saudi Arabia,2012,25243.3587
Senegal,2012,1329.981379
Seychelles,2012,12006.68296
Sierra Leone,2012,566.378657
Singapore,2012,55546.48854
Slovakia,2012,17460.04681
Slovenia,2012,22643.10025
Solomon Islands,2012,1913.232013
South Africa,2012,7501.469984
Spain,2012,28324.42934
Sri Lanka,2012,3350.521876
Saint Kitts and Nevis,2012,16044.70548
Saint Lucia,2012,9086.799462
Saint Vincent and the Grenadines,2012,6390.310632
Sudan,2012,1457.894582
Suriname,2012,9201.008785
Sweden,2012,58037.82132
Switzerland,2012,83538.23008
Syria,2012,900.6345
Tajikistan,2012,969.296473
Tanzania,2012,867.867681
Thailand,2012,5860.582507
Timor-Leste,2012,1013.050451
Togo,2012,571.806724
Trinidad and Tobago,2012,19157.41704
Tunisia,2012,4152.678587
Turkey,2012,11707.25971
Turkmenistan,2012,6675.185658
Turks and Caicos Islands,2012,21009.88581
Uganda,2012,783.717921
Ukraine,2012,3855.417729
United Arab Emirates,2012,40976.49971
United Kingdom,2012,42462.77157
United States of America,2012,51610.60528
Uruguay,2012,15171.58466
Uzbekistan,2012,2137.025122
Vietnam,2012,1735.141276
Yemen,2012,1446.536354
Zambia,2012,1763.072733
Zimbabwe,2012,1304.969802
Afghanistan,2013,637.165523
Albania,2013,4413.060861
Algeria,2013,5499.581487
Angola,2013,5254.882338
Antigua and Barbuda,2013,12909.74418
Argentina,2013,13080.25473
Armenia,2013,3838.185801
Australia,2013,68150.10704
Austria,2013,50716.70871
Azerbaijan,2013,7875.756953
Bahamas,2013,28768.02989
Bahrain,2013,24744.29696
Bangladesh,2013,981.839879
Barbados,2013,16451.16358
Belarus,2013,7978.872615
Belgium,2013,46744.66254
Belize,2013,4568.502958
Benin,2013,1251.210518
Bhutan,2013,2472.714309
Bolivia,2013,2908.200085
Bosnia and Herz.,2013,5131.394506
Botswana,2013,7224.965172
Brazil,2013,12300.32488
Bulgaria,2013,7651.817881
Burkina Faso,2013,787.470176
Burundi,2013,256.976003
Cabo Verde,2013,3615.979041
Cambodia,2013,1013.420401
Cameroon,2013,1465.638843
Canada,2013,52652.59368
Central African Rep.,2013,380.298168
Chad,2013,979.81241
Chile,2013,15842.94081
China,2013,7050.64592
Colombia,2013,8218.033996
Comoros,2013,1505.349473
Dem. Rep. Congo,2013,457.963728
Congo,2013,3047.930773
Costa Rica,2013,10490.08133
Côte d'Ivoire,2013,1415.871758
Croatia,2013,13642.19366
Cuba,2013,6837.712892
Cyprus,2013,27729.1927
Czechia,2013,19916.01939
Denmark,2013,61191.1937
Djibouti,2013,2312.728803
Dominica,2013,7016.676471
Dominican Rep.,2013,6238.133608
Ecuador,2013,6056.330827
Egypt,2013,3264.378787
El Salvador,2013,3509.531493
Equatorial Guinea,2013,20390.71932
Estonia,2013,19174.10073
Eswatini,2013,4230.344056
Ethiopia,2013,499.531572
Fiji,2013,4840.693716
Finland,2013,49878.04324
France,2013,42592.93409
Gabon,2013,9683.57629
Gambia,2013,700.514972
Georgia,2013,4623.745725
Germany,2013,46285.76407
Ghana,2013,2345.392906
Greece,2013,21874.8195
Grenada,2013,7789.776381
Guatemala,2013,3522.773698
Guinea,2013,769.003943
Guinea-Bissau,2013,634.482446
Greenland,2013,3934.865262
Haiti,2013,815.820015
Honduras,2013,2102.593166
Hong Kong,2013,38403.77771
Hungary,2013,13687.2461
Iceland,2013,49522.23659
India,2013,1449.605912
Indonesia,2013,3623.911582
Iran,2013,6018.324473
Iraq,2013,7076.554608
Ireland,2013,51590.18845
Israel,2013,36309.46883
Italy,2013,35549.9747
Jamaica,2013,4989.171391
Japan,2013,40454.44746
Jordan,2013,3998.027473
Kazakhstan,2013,13890.63177
Kenya,2013,1210.388014
South Korea,2013,27182.73431
Kuwait,2013,49388.13741
Kyrgyzstan,2013,1282.437162
Laos,2013,1825.665113
Latvia,2013,15041.17446
Lebanon,2013,7931.080476
Lesotho,2013,1193.713257
Liberia,2013,721.930055
Libya,2013,10363.78949
Lithuania,2013,15702.14306
Luxembourg,2013,113625.1329
Macao SAR,2013,89287.45402
Madagascar,2013,541.0662
Malawi,2013,348.43027
Malaysia,2013,10970.12328
Maldives,2013,7928.457365
Mali,2013,805.032838
Mauritania,2013,1892.095487
Mauritius,2013,9637.00265
Mexico,2013,10725.18332
Moldova,2013,3322.038436
Mongolia,2013,4366.075901
Montenegro,2013,7189.293287
Morocco,2013,3121.681176
Mozambique,2013,664.078212
Myanmar,2013,1162.33144
Namibia,2013,5377.727327
Nepal,2013,715.923743
Netherlands,2013,52184.06185
New Zealand,2013,42962.98821
Nicaragua,2013,1811.639193
Niger,2013,548.892955
Nigeria,2013,2998.072843
Macedonia,2013,5210.67583
Norway,2013,102913.4508
Oman,2013,20926.55405
Pakistan,2013,1208.90431
Panama,2013,11889.12763
Paraguay,2013,5926.832863
Peru,2013,6756.752769
Philippines,2013,2871.430902
Poland,2013,13781.06261
Portugal,2013,21647.04181
Qatar,2013,85050.91097
Romania,2013,9555.244217
Russia,2013,15974.64463
Rwanda,2013,726.180157
Samoa,2013,4037.509315
San Marino,2013,51572.56817
Sao Tome and Principe,2013,1577.018278
Saudi Arabia,2013,24844.74437
Senegal,2013,1376.069816
Seychelles,2013,14765.67398
Sierra Leone,2013,716.835305
Singapore,2013,56967.42579
Slovakia,2013,18236.98079
Slovenia,2013,23496.60231
Solomon Islands,2013,1977.451405
South Africa,2013,6832.456891
Spain,2013,29059.54795
Sri Lanka,2013,3610.289363
Saint Kitts and Nevis,2013,16684.95302
Saint Lucia,2013,9378.562363
Saint Vincent and the Grenadines,2013,6639.607146
Sudan,2013,1557.22831
Suriname,2013,9402.233137
Sweden,2013,61126.9432
Switzerland,2013,85112.4644
Syria,2013,403.69446
Tajikistan,2013,1048.227293
Tanzania,2013,970.416938
Thailand,2013,6168.262985
Timor-Leste,2013,1210.033296
Togo,2013,621.398854
Trinidad and Tobago,2013,20143.66445
Tunisia,2013,4222.703245
Turkey,2013,12519.39143
Turkmenistan,2013,7304.287132
Turks and Caicos Islands,2013,21328.97901
Uganda,2013,803.509374
Ukraine,2013,4029.711252
United Arab Emirates,2013,42412.63028
United Kingdom,2013,43444.533
United States of America,2013,53117.66783
Uruguay,2013,16973.67421
Uzbekistan,2013,2281.410973
Vietnam,2013,1886.671896
Yemen,2013,1607.152365
Zambia,2013,1878.907001
Zimbabwe,2013,1430.000818
Afghanistan,2014,613.856689
Albania,2014,4578.631994
Algeria,2014,5493.02559
Angola,2014,5408.410496
Antigua and Barbuda,2014,13501.58092
Argentina,2014,12334.79825
Armenia,2014,3986.231624
Australia,2014,62510.79117
Austria,2014,51717.49594
Azerbaijan,2014,7891.313147
Bahamas,2014,29445.03053
Bahrain,2014,24989.40012
Bangladesh,2014,1118.853663
Barbados,2014,16489.07224
Belarus,2014,8318.51269
Belgium,2014,47700.54036
Belize,2014,4705.60269
Benin,2014,1291.409808
Bhutan,2014,2652.214589
Bolivia,2014,3081.878834
Bosnia and Herz.,2014,5329.635045
Botswana,2014,7780.638385
Brazil,2014,12112.58821
Bulgaria,2014,7874.260904
Burkina Faso,2014,792.846778
Burundi,2014,274.857948
Cabo Verde,2014,3588.674054
Cambodia,2014,1093.496191
Cameroon,2014,1542.620266
Canada,2014,50893.44671
Central African Rep.,2014,424.448751
Chad,2014,1020.288204
Chile,2014,14670.99676
China,2014,7678.599432
Colombia,2014,8114.084069
Comoros,2014,1513.830379
Dem. Rep. Congo,2014,486.787082
Congo,2014,2996.918026
Costa Rica,2014,10547.15186
Côte d'Ivoire,2014,1561.463655
Croatia,2014,13600.19439
Cuba,2014,7133.342095
Cyprus,2014,27129.62612
Czechia,2014,19744.55861
Denmark,2014,62548.98473
Djibouti,2014,2464.327841
Dominica,2014,7318.103783
Dominican Rep.,2014,6608.828102
Ecuador,2014,6377.09153
Egypt,2014,3378.831358
El Salvador,2014,3589.042193
Equatorial Guinea,2014,19394.02999
Estonia,2014,20367.10266
Eswatini,2014,4038.557228
Ethiopia,2014,566.926467
Fiji,2014,5605.570331
Finland,2014,50260.29986
France,2014,43011.2631
Gabon,2014,9663.42924
Gambia,2014,607.428404
Georgia,2014,4739.188338
Germany,2014,47959.99327
Ghana,2014,1971.033347
Greece,2014,21760.9798
Grenada,2014,8369.886755
Guatemala,2014,3779.642328
Guinea,2014,787.23807
Guinea-Bissau,2014,622.481717
Greenland,2014,4031.600662
Haiti,2014,831.873949
Honduras,2014,2206.051934
Hong Kong,2014,40315.28556
Hungary,2014,14246.1098
Iceland,2014,54241.93466
India,2014,1573.881492
Indonesia,2014,3491.624791
Iran,2014,5585.526758
Iraq,2014,6818.804621
Ireland,2014,55492.98268
Israel,2014,37678.88977
Italy,2014,35518.41529
Jamaica,2014,4833.790318
Japan,2014,38109.41211
Jordan,2014,4072.765475
Kazakhstan,2014,12807.26069
Kenya,2014,1315.804535
South Korea,2014,29249.57522
Kuwait,2014,44062.31704
Kyrgyzstan,2014,1279.769783
Laos,2014,1998.335215
Latvia,2014,15740.32675
Lebanon,2014,7686.25603
Lesotho,2014,1223.333032
Liberia,2014,721.182795
Libya,2014,6466.91027
Lithuania,2014,16548.40641
Luxembourg,2014,118823.6484
Macao SAR,2014,93777.1068
Madagascar,2014,530.861346
Malawi,2014,371.26975
Malaysia,2014,11319.07976
Maldives,2014,8499.365762
Mali,2014,848.302758
Mauritania,2014,1677.108166
Mauritius,2014,10153.93822
Mexico,2014,10922.37605
Moldova,2014,3328.801449
Mongolia,2014,4158.525715
Montenegro,2014,7388.147794
Morocco,2014,3171.699192
Mozambique,2014,673.969956
Myanmar,2014,1251.820765
Namibia,2014,5435.171911
Nepal,2014,743.413381
Netherlands,2014,52830.17423
New Zealand,2014,44553.28221
Nicaragua,2014,1934.069508
Niger,2014,562.121845
Nigeria,2014,3222.693537
Macedonia,2014,5468.480869
Norway,2014,97019.18275
Oman,2014,20131.91672
Pakistan,2014,1251.164104
Panama,2014,12796.07004
Paraguay,2014,6102.943233
Peru,2014,6672.880255
Philippines,2014,2959.648452
Poland,2014,14347.91458
Portugal,2014,22074.30076
Qatar,2014,83858.52838
Romania,2014,10026.97358
Russia,2014,14095.64874
Rwanda,2014,747.000512
Samoa,2014,3937.758712
San Marino,2014,50806.53438
Sao Tome and Principe,2014,1782.798059
Saudi Arabia,2014,24463.90316
Senegal,2014,1396.658225
Seychelles,2014,14700.3343
Sierra Leone,2014,714.700712
Singapore,2014,57562.53079
Slovakia,2014,18670.93017
Slovenia,2014,24214.92207
Solomon Islands,2014,1996.781184
South Africa,2014,6433.187277
Spain,2014,29461.55033
Sri Lanka,2014,3819.25353
Saint Kitts and Nevis,2014,18052.03596
Saint Lucia,2014,9843.915819
Saint Vincent and the Grenadines,2014,6684.807367
Sudan,2014,1709.999605
Suriname,2014,9472.0076
Sweden,2014,60020.36046
Switzerland,2014,86605.56338
Syria,2014,406.953
Tajikistan,2014,1104.171689
Tanzania,2014,1030.092917
Thailand,2014,5951.883702
Timor-Leste,2014,1232.456832
Togo,2014,640.93422
Trinidad and Tobago,2014,20270.85937
Tunisia,2014,4305.474165
Turkey,2014,12095.85457
Turkmenistan,2014,7962.239098
Turks and Caicos Islands,2014,23296.33691
Uganda,2014,876.354301
Ukraine,2014,3104.643206
United Arab Emirates,2014,43751.83889
United Kingdom,2014,47425.60768
United States of America,2014,55047.72556
Uruguay,2014,16831.97294
Uzbekistan,2014,2492.336643
Vietnam,2014,2030.261955
Yemen,2014,1673.146354
Zambia,2014,1763.057298
Zimbabwe,2014,1434.89934
Afghanistan,2015,578.466353
Albania,2015,3952.801215
Algeria,2015,4177.892515
Angola,2015,4166.979684
Antigua and Barbuda,2015,14286.09316
Argentina,2015,13789.06042
Armenia,2015,3607.296697
Australia,2015,56755.72171
Austria,2015,44178.04738
Azerbaijan,2015,5500.310382
Bahamas,2015,31405.96356
Bahrain,2015,22688.9444
Bangladesh,2015,1248.453398
Barbados,2015,16525.07325
Belarus,2015,5949.106307
Belgium,2015,40991.80814
Belize,2015,4775.955648
Benin,2015,1076.797716
Bhutan,2015,2752.664208
Bolivia,2015,3035.972215
Bosnia and Herz.,2015,4727.277546
Botswana,2015,6799.875234
Brazil,2015,8814.000987
Bulgaria,2015,7053.603706
Burkina Faso,2015,653.32698
Burundi,2015,305.549773
Cabo Verde,2015,3043.013984
Cambodia,2015,1162.90492
Cameroon,2015,1327.503017
Canada,2015,43585.51198
Central African Rep.,2015,377.423002
Chad,2015,776.019532
Chile,2015,13574.17183
China,2015,8066.942424
Colombia,2015,6175.876132
Comoros,2015,1242.60319
Dem. Rep. Congo,2015,497.316961
Congo,2015,1762.032018
Costa Rica,2015,11299.13554
Côte d'Ivoire,2015,1972.546108
Croatia,2015,11782.89908
Cuba,2015,7694.01192
Cyprus,2015,23333.71491
Czechia,2015,17715.61685
Denmark,2015,53254.856
Djibouti,2015,2658.978753
Dominica,2015,7596.435062
Dominican Rep.,2015,6921.517228
Ecuador,2015,6124.491643
Egypt,2015,3598.970948
El Salvador,2015,3705.577946
Equatorial Guinea,2015,11283.46561
Estonia,2015,17522.23019
Eswatini,2015,3689.518706
Ethiopia,2015,640.541891
Fiji,2015,5390.745237
Finland,2015,42784.69836
France,2015,36638.18493
Gabon,2015,7384.71587
Gambia,2015,649.510829
Georgia,2015,4014.185944
Germany,2015,41139.54457
Ghana,2015,1743.850996
Greece,2015,18167.77372
Grenada,2015,9096.870646
Guatemala,2015,3994.636913
Guinea,2015,769.256014
Guinea-Bissau,2015,603.158513
Greenland,2015,4166.128516
Haiti,2015,815.728284
Honduras,2015,2302.201379
Hong Kong,2015,42431.88828
Hungary,2015,12651.56834
Iceland,2015,52564.42919
India,2015,1605.605434
Indonesia,2015,3331.695128
Iran,2015,4904.326877
Iraq,2015,4989.803075
Ireland,2015,61995.42278
Israel,2015,35776.79517
Italy,2015,30230.2263
Jamaica,2015,4907.50372
Japan,2015,34524.46986
Jordan,2015,4105.448961
Kazakhstan,2015,10510.77189
Kenya,2015,1336.883349
South Korea,2015,28732.23108
Kuwait,2015,29869.52939
Kyrgyzstan,2015,1121.082835
Laos,2015,2134.711796
Latvia,2015,13698.93795
Lebanon,2015,7644.548657
Lesotho,2015,1152.139827
Liberia,2015,710.383858
Libya,2015,4337.919139
Lithuania,2015,14249.11497
Luxembourg,2015,101376.4966
Macao SAR,2015,75340.98698
Madagascar,2015,467.235399
Malawi,2015,380.597033
Malaysia,2015,9955.242127
Maldives,2015,9033.390413
Mali,2015,751.478669
Mauritania,2015,1524.072883
Mauritius,2015,9260.447303
Mexico,2015,9605.952351
Moldova,2015,2732.457113
Mongolia,2015,3918.579174
Montenegro,2015,6517.163752
Morocco,2015,2875.257985
Mozambique,2015,589.859028
Myanmar,2015,1287.430487
Namibia,2015,4869.378406
Nepal,2015,792.552891
Netherlands,2015,45175.23189
New Zealand,2015,38615.99518
Nicaragua,2015,2049.84969
Niger,2015,483.339282
Nigeria,2015,2730.430324
Macedonia,2015,4840.273123
Norway,2015,74355.51586
Oman,2015,16028.75136
Pakistan,2015,1356.667756
Panama,2015,13630.30797
Paraguay,2015,5406.703857
Peru,2015,6229.101696
Philippines,2015,3001.040371
Poland,2015,12572.4266
Portugal,2015,19242.36647
Qatar,2015,63039.01655
Romania,2015,8977.437382
Russia,2015,9313.013625
Rwanda,2015,754.906789
Samoa,2015,4073.66601
San Marino,2015,42650.31726
Sao Tome and Principe,2015,1595.864632
Saudi Arabia,2015,20627.93278
Senegal,2015,1219.248662
Seychelles,2015,14745.34144
Sierra Leone,2015,588.228453
Singapore,2015,55646.61875
Slovakia,2015,16309.07324
Slovenia,2015,20881.76677
Solomon Islands,2015,1914.46793
South Africa,2015,5734.633629
Spain,2015,25732.01836
Sri Lanka,2015,3843.780672
Saint Kitts and Nevis,2015,18029.32554
Saint Lucia,2015,10093.89976
Saint Vincent and the Grenadines,2015,6920.878074
Sudan,2015,1909.738755
Suriname,2015,8561.974179
Sweden,2015,51545.48361
Switzerland,2015,82081.59712
Syria,2015,460.6325
Tajikistan,2015,929.095857
Tanzania,2015,947.933446
Thailand,2015,5840.046523
Timor-Leste,2015,1334.661956
Togo,2015,570.910279
Trinidad and Tobago,2015,18289.70434
Tunisia,2015,3861.688531
Turkey,2015,10948.72461
Turkmenistan,2015,6432.680702
Turks and Caicos Islands,2015,24832.59637
Uganda,2015,840.401571
Ukraine,2015,2124.662319
United Arab Emirates,2015,38663.38381
United Kingdom,2015,44974.83188
United States of America,2015,56822.51882
Uruguay,2015,15613.76427
Uzbekistan,2015,2615.025134
Vietnam,2015,2085.101484
Yemen,2015,1395.439633
Zambia,2015,1337.79611
Zimbabwe,2015,1445.071062
Afghanistan,2016,547.22811
Albania,2016,4124.055726
Algeria,2016,3946.443977
Angola,2016,3506.072885
Antigua and Barbuda,2016,15197.61746
Argentina,2016,12790.24247
Armenia,2016,3591.829276
Australia,2016,49971.13146
Austria,2016,45237.80509
Azerbaijan,2016,3880.738731
Bahamas,2016,31588.835
Bahrain,2016,22619.11667
Bangladesh,2016,1401.620466
Barbados,2016,16900.16655
Belarus,2016,5022.626643
Belgium,2016,41998.33575
Belize,2016,4818.403909
Benin,2016,1087.287832
Bhutan,2016,2930.562989
Bolivia,2016,3076.658949
Bosnia and Herz.,2016,4994.68314
Botswana,2016,7243.852997
Brazil,2016,8710.09669
Bulgaria,2016,7545.790332
Burkina Faso,2016,687.670175
Burundi,2016,282.19313
Cabo Verde,2016,3130.963385
Cambodia,2016,1269.591257
Cameroon,2016,1364.33011
Canada,2016,42322.48478
Central African Rep.,2016,402.191291
Chad,2016,693.449387
Chile,2016,13753.59444
China,2016,8147.938148
Colombia,2016,5871.223575
Comoros,2016,1273.058953
Dem. Rep. Congo,2016,471.31884
Congo,2016,1815.295843
Costa Rica,2016,11666.45591
Côte d'Ivoire,2016,2013.382462
Croatia,2016,12360.48382
Cuba,2016,8060.795886
Cyprus,2016,24532.51906
Czechia,2016,18463.38658
Denmark,2016,54663.99837
Djibouti,2016,2802.197051
Dominica,2016,8080.968623
Dominican Rep.,2016,7280.880109
Ecuador,2016,6060.093329
Egypt,2016,3525.020165
El Salvador,2016,3805.993666
Equatorial Guinea,2016,9250.331953
Estonia,2016,18237.29584
Eswatini,2016,3447.695699
Ethiopia,2016,717.124593
Fiji,2016,5651.318066
Finland,2016,43784.28396
France,2016,37037.37419
Gabon,2016,6984.451019
Gambia,2016,683.997654
Georgia,2016,4062.169888
Germany,2016,42098.92045
Ghana,2016,1931.38947
Greece,2016,18116.45962
Grenada,2016,9628.347487
Guatemala,2016,4173.301666
Guinea,2016,732.966571
Guinea-Bissau,2016,661.007655
Greenland,2016,4542.622067
Haiti,2016,735.30177
Honduras,2016,2342.584651
Hong Kong,2016,43731.10682
Hungary,2016,12992.37567
Iceland,2016,61466.80397
India,2016,1732.564262
Indonesia,2016,3562.845756
Iran,2016,5253.424843
Iraq,2016,4776.726499
Ireland,2016,63197.08237
Israel,2016,37321.62404
Italy,2016,30939.71425
Jamaica,2016,4843.338474
Japan,2016,38761.81815
Jordan,2016,4103.7336
Kazakhstan,2016,7714.841844
Kenya,2016,1410.527568
South Korea,2016,29288.87044
Kuwait,2016,27653.06677
Kyrgyzstan,2016,1120.666513
Laos,2016,2308.800482
Latvia,2016,14153.41492
Lebanon,2016,7629.891117
Lesotho,2016,1043.569792
Liberia,2016,714.623392
Libya,2016,4035.194316
Lithuania,2016,14999.47964
Luxembourg,2016,104278.391
Macao SAR,2016,74061.08603
Madagascar,2016,475.955417
Malawi,2016,315.777326
Malaysia,2016,9817.740861
Maldives,2016,9209.288625
Mali,2016,780.38787
Mauritania,2016,1536.85415
Mauritius,2016,9681.618567
Mexico,2016,8739.756043
Moldova,2016,2880.439281
Mongolia,2016,3660.150746
Montenegro,2016,7033.604899
Morocco,2016,2896.720003
Mozambique,2016,428.926488
Myanmar,2016,1266.546338
Namibia,2016,4523.09127
Nepal,2016,777.147596
Netherlands,2016,46007.85292
New Zealand,2016,40105.61339
Nicaragua,2016,2107.56718
Niger,2016,494.718714
Nigeria,2016,2175.99967
Macedonia,2016,5129.15896
Norway,2016,70459.1825
Oman,2016,14618.87538
Pakistan,2016,1368.454326
Panama,2016,14343.96363
Paraguay,2016,5319.410218
Peru,2016,6204.99726
Philippines,2016,3073.653615
Poland,2016,12431.81589
Portugal,2016,19978.40121
Qatar,2016,57163.06099
Romania,2016,9567.129345
Russia,2016,8704.898413
Rwanda,2016,748.504418
Samoa,2016,4109.165135
San Marino,2016,43842.38552
Sao Tome and Principe,2016,1710.130898
Saudi Arabia,2016,19879.29753
Senegal,2016,1269.902108
Seychelles,2016,15068.62032
Sierra Leone,2016,501.415713
Singapore,2016,56828.29535
Slovakia,2016,16505.97505
Slovenia,2016,21622.58068
Solomon Islands,2016,1986.416236
South Africa,2016,5272.918425
Spain,2016,26505.34322
Sri Lanka,2016,3886.291502
Saint Kitts and Nevis,2016,18811.87337
Saint Lucia,2016,10361.8141
Saint Vincent and the Grenadines,2016,7075.06582
Sudan,2016,1299.261195
Suriname,2016,5539.068872
Sweden,2016,51965.15715
Switzerland,2016,80172.23207
Syria,2016,590.4697
Tajikistan,2016,802.518004
Tanzania,2016,966.474622
Thailand,2016,5994.231475
Timor-Leste,2016,1358.201692
Togo,2016,597.471089
Trinidad and Tobago,2016,16176.94737
Tunisia,2016,3697.930831
Turkey,2016,10820.63384
Turkmenistan,2016,6389.548408
Turks and Caicos Islands,2016,25995.17246
Uganda,2016,730.625041
Ukraine,2016,2187.73051
United Arab Emirates,2016,38141.84676
United Kingdom,2016,41064.13343
United States of America,2016,57927.51685
Uruguay,2016,15387.14403
Uzbekistan,2016,2567.799207
Vietnam,2016,2192.214539
Yemen,2016,1033.733043
Zambia,2016,1280.578898
Zimbabwe,2016,1464.583529
Afghanistan,2017,556.302002
Albania,2017,4531.020806
Algeria,2017,4044.2766
Angola,2017,4095.812942
Antigua and Barbuda,2017,15383.41519
Argentina,2017,14591.86338
Armenia,2017,3914.501268
Australia,2017,54066.47127
Austria,2017,47549.07904
Azerbaijan,2017,4147.089716
Bahamas,2017,31827.2427
Bahrain,2017,23709.43047
Bangladesh,2017,1563.913857
Barbados,2017,17391.42587
Belarus,2017,5761.74712
Belgium,2017,44288.50804
Belize,2017,4887.577208
Benin,2017,1136.592847
Bhutan,2017,3286.574703
Bolivia,2017,3351.12404
Bosnia and Herz.,2017,5394.59122
Botswana,2017,7893.210108
Brazil,2017,9925.386238
Bulgaria,2017,8331.058025
Burkina Faso,2017,738.274159
Burundi,2017,292.997631
Cabo Verde,2017,3292.645755
Cambodia,2017,1385.25998
Cameroon,2017,1425.107818
Canada,2017,45148.55271
Central African Rep.,2017,450.900245
Chad,2017,665.948353
Chile,2017,14999.37009
China,2017,8879.438149
Colombia,2017,6377.851363
Comoros,2017,1323.81159
Dem. Rep. Congo,2017,467.074238
Congo,2017,1767.894521
Costa Rica,2017,11814.62657
Côte d'Ivoire,2017,2111.027076
Croatia,2017,13412.33829
Cuba,2017,8541.210673
Cyprus,2017,26338.69434
Czechia,2017,20379.89604
Denmark,2017,57141.05984
Djibouti,2017,2914.383856
Dominica,2017,7274.721333
Dominican Rep.,2017,7609.338799
Ecuador,2017,6213.501276
Egypt,2017,2440.510173
El Salvador,2017,3910.257193
Equatorial Guinea,2017,9667.912252
Estonia,2017,20388.20955
Eswatini,2017,3953.088968
Ethiopia,2017,768.522308
Fiji,2017,6101.030843
Finland,2017,46316.74546
France,2017,38812.16103
Gabon,2017,7230.396393
Gambia,2017,676.655925
Georgia,2017,4357.000936
Germany,2017,44349.58966
Ghana,2017,2025.932424
Greece,2017,18930.21859
Grenada,2017,10152.83281
Guatemala,2017,4451.45099
Guinea,2017,856.56527
Guinea-Bissau,2017,736.725566
Greenland,2017,4586.054572
Haiti,2017,765.727294
Honduras,2017,2453.727896
Hong Kong,2017,46165.85651
Hungary,2017,14457.60876
Iceland,2017,71310.93925
India,2017,1981.65105
Indonesia,2017,3837.651731
Iran,2017,5520.310789
Iraq,2017,5205.288255
Ireland,2017,69822.34718
Israel,2017,40541.86209
Italy,2017,32406.72032
Jamaica,2017,5069.183838
Japan,2017,38386.51115
Jordan,2017,4162.820687
Kazakhstan,2017,9247.581331
Kenya,2017,1572.335496
South Korea,2017,31616.8434
Kuwait,2017,29759.43649
Kyrgyzstan,2017,1242.769643
Laos,2017,2423.846203
Latvia,2017,15586.58189
Lebanon,2017,7801.178658
Lesotho,2017,1150.079173
Liberia,2017,698.701764
Libya,2017,5756.69845
Lithuania,2017,16882.63947
Luxembourg,2017,107627.151
Macao SAR,2017,81516.67492
Madagascar,2017,515.292725
Malawi,2017,356.717573
Malaysia,2017,10254.23402
Maldives,2017,9540.634349
Mali,2017,830.557409
Mauritania,2017,1578.114174
Mauritius,2017,10484.90836
Mexico,2017,9278.418168
Moldova,2017,3509.69345
Mongolia,2017,3669.41754
Montenegro,2017,7803.411137
Morocco,2017,3036.325255
Mozambique,2017,461.415094
Myanmar,2017,1291.542413
Namibia,2017,5303.309133
Nepal,2017,911.444266
Netherlands,2017,48675.22234
New Zealand,2017,42849.42632
Nicaragua,2017,2159.163079
Niger,2017,516.888247
Nigeria,2017,1968.559588
Macedonia,2017,5430.87421
Norway,2017,75496.75406
Oman,2017,15130.94374
Pakistan,2017,1464.993305
Panama,2017,15150.34561
Paraguay,2017,5680.580768
Peru,2017,6710.508029
Philippines,2017,3123.234229
Poland,2017,13861.30936
Portugal,2017,21490.42986
Qatar,2017,61264.39648
Romania,2017,10807.79539
Russia,2017,10720.33259
Rwanda,2017,772.318472
Samoa,2017,4258.48627
San Marino,2017,45394.20103
Sao Tome and Principe,2017,1811.012826
Saudi Arabia,2017,20803.74257
Senegal,2017,1361.699588
Seychelles,2017,15906.08392
Sierra Leone,2017,499.380708
Singapore,2017,60913.74533
Slovakia,2017,17554.30832
Slovenia,2017,23500.75223
Solomon Islands,2017,2059.045424
South Africa,2017,6132.479841
Spain,2017,28170.43457
Sri Lanka,2017,4077.043721
Saint Kitts and Nevis,2017,19155.2894
Saint Lucia,2017,11047.44499
Saint Vincent and the Grenadines,2017,7212.960181
Sudan,2017,1111.868449
Suriname,2017,5626.795816
Sweden,2017,53791.50873
Switzerland,2017,80449.99456
Syria,2017,510.3654
Tajikistan,2017,806.041573
Tanzania,2017,1004.841121
Thailand,2017,6592.914902
Timor-Leste,2017,1294.715534
Togo,2017,626.091528
Trinidad and Tobago,2017,16238.19319
Tunisia,2017,3481.228739
Turkey,2017,10513.64843
Turkmenistan,2017,6587.090316
Turks and Caicos Islands,2017,25933.60744
Uganda,2017,747.196907
Ukraine,2017,2640.675677
United Arab Emirates,2017,40644.80404
United Kingdom,2017,40361.41738
United States of America,2017,59957.72585
Uruguay,2017,17322.14739
Uzbekistan,2017,1826.566919
Vietnam,2017,2365.621666
Yemen,2017,882.395758
Zambia,2017,1534.865371
Zimbabwe,2017,1548.170056
Afghanistan,2018,524.162881
Albania,2018,5284.380184
Algeria,2018,4114.715061
Angola,2018,3289.646664
Antigua and Barbuda,2018,16726.98081
Argentina,2018,11683.94962
Armenia,2018,4220.490277
Australia,2018,57395.91947
Austria,2018,51525.04643
Azerbaijan,2018,4739.84171
Bahamas,2018,32217.87159
Bahrain,2018,23991.05668
Bangladesh,2018,1698.350394
Barbados,2018,17745.19346
Belarus,2018,6330.075246
Belgium,2018,47491.32326
Belize,2018,4884.734162
Benin,2018,1240.829464
Bhutan,2018,3243.231126
Bolivia,2018,3548.590153
Bosnia and Herz.,2018,6072.180992
Botswana,2018,8279.601365
Brazil,2018,9001.234249
Bulgaria,2018,9423.558612
Burkina Faso,2018,820.160794
Burundi,2018,271.752044
Cabo Verde,2018,3617.327488
Cambodia,2018,1512.12671
Cameroon,2018,1534.491274
Canada,2018,46313.17137
Central African Rep.,2018,475.95361
Chad,2018,726.149881
Chile,2018,15924.79424
China,2018,9976.676822
Colombia,2018,6718.585324
Comoros,2018,1415.955313
Dem. Rep. Congo,2018,557.064418
Congo,2018,2223.854479
Costa Rica,2018,12112.13442
Côte d'Ivoire,2018,2302.612951
Croatia,2018,14920.19138
Cuba,2018,8821.818891
Cyprus,2018,28689.70672
Czechia,2018,23046.94913
Denmark,2018,61390.69301
Djibouti,2018,3141.889219
Dominica,2018,7691.345097
Dominican Rep.,2018,8050.63044
Ecuador,2018,6295.935399
Egypt,2018,2549.132252
El Salvador,2018,4067.659449
Equatorial Guinea,2018,10144.19581
Estonia,2018,23258.46758
Eswatini,2018,4145.97411
Ethiopia,2018,771.523814
Fiji,2018,6266.967959
Finland,2018,50021.29106
France,2018,41631.09074
Gabon,2018,7956.627816
Gambia,2018,712.512371
Georgia,2018,4722.787783
Germany,2018,47639.00344
Ghana,2018,2202.312164
Greece,2018,20324.30501
Grenada,2018,10485.90716
Guatemala,2018,4472.892363
Guinea,2018,983.309492
Guinea-Bissau,2018,777.969922
Greenland,2018,4979.002188
Haiti,2018,868.342025
Honduras,2018,2505.776752
Hong Kong,2018,48542.88733
Hungary,2018,16150.77276
Iceland,2018,72968.70423
India,2018,2005.863005
Indonesia,2018,3893.846425
Iran,2018,5221.974
Iraq,2018,5834.166211
Ireland,2018,78621.22796
Israel,2018,41719.72544
Italy,2018,34520.08516
Jamaica,2018,5354.236859
Japan,2018,39159.42356
Jordan,2018,4241.788782
Kazakhstan,2018,9812.601405
Kenya,2018,1707.986805
South Korea,2018,33340.26515
Kuwait,2018,33994.38192
Kyrgyzstan,2018,1308.140165
Laos,2018,2542.486528
Latvia,2018,17805.28031
Lebanon,2018,8024.803271
Lesotho,2018,1221.883763
Liberia,2018,677.322179
Libya,2018,7877.122251
Lithuania,2018,19080.61737
Luxembourg,2018,116654.2611
Macao SAR,2018,87208.53591
Madagascar,2018,527.501326
Malawi,2018,381.258988
Malaysia,2018,11373.233
Maldives,2018,10330.61561
Mali,2018,900.110164
Mauritania,2018,1600.876469
Mauritius,2018,11208.22737
Mexico,2018,9673.443674
Moldova,2018,4233.999556
Mongolia,2018,4134.987198
Montenegro,2018,8850.092733
Morocco,2018,3222.200634
Mozambique,2018,498.95722
Myanmar,2018,1418.177623
Namibia,2018,5495.428836
Nepal,2018,1038.651647
Netherlands,2018,53048.09621
New Zealand,2018,42949.93058
Nicaragua,2018,2020.547028
Niger,2018,571.526992
Nigeria,2018,2032.729709
Macedonia,2018,6062.942604
Norway,2018,81734.46557
Oman,2018,16414.88802
Pakistan,2018,1482.305667
Panama,2018,15592.57368
Paraguay,2018,5805.675616
Peru,2018,6941.235848
Philippines,2018,3252.092324
Poland,2018,15460.64428
Portugal,2018,23461.57186
Qatar,2018,68793.78444
Romania,2018,12408.59649
Russia,2018,11370.81346
Rwanda,2018,782.618141
Samoa,2018,4183.408032
San Marino,2018,48481.0133
Sao Tome and Principe,2018,2001.136978
Saudi Arabia,2018,23338.96346
Senegal,2018,1465.591006
Seychelles,2018,16390.82488
Sierra Leone,2018,533.991184
Singapore,2018,66188.7794
Slovakia,2018,19428.11621
Slovenia,2018,26054.5421
Solomon Islands,2018,2137.6907
South Africa,2018,6374.028196
Spain,2018,30337.67913
Sri Lanka,2018,4080.567125
Saint Kitts and Nevis,2018,19275.27726
Saint Lucia,2018,11357.88901
Saint Vincent and the Grenadines,2018,7361.400962
Sudan,2018,623.867252
Suriname,2018,6003.723066
Sweden,2018,54589.06039
Switzerland,2018,82818.10816
Syria,2018,495.2365
Tajikistan,2018,826.62153
Tanzania,2018,1060.994615
Thailand,2018,7295.475616
Timor-Leste,2018,1237.102682
Togo,2018,678.955638
Trinidad and Tobago,2018,17129.91309
Tunisia,2018,3438.789089
Turkey,2018,9370.176355
Turkmenistan,2018,6966.635411
Turks and Caicos Islands,2018,27142.2278
Uganda,2018,767.09776
Ukraine,2018,3096.817402
United Arab Emirates,2018,43839.35635
United Kingdom,2018,43043.22782
United States of America,2018,62840.02024
Uruguay,2018,17277.97011
Uzbekistan,2018,1529.082864
Vietnam,2018,2566.59695
Yemen,2018,968.159048
Zambia,2018,1556.334482
Zimbabwe,2018,1683.740577
Afghanistan,2019,502.115487
Albania,2019,5352.857411
Algeria,2019,3948.343279
Angola,2019,2973.59116
Antigua and Barbuda,2019,17790.30931
Argentina,2019,10006.14897
Armenia,2019,4622.733493
Australia,2019,54907.10191
Austria,2019,50277.27509
Azerbaijan,2019,4793.58702
Bahamas,2019,32933.48601
Bahrain,2019,23503.97713
Bangladesh,2019,1855.739824
Barbados,2019,18148.24493
Belarus,2019,6663.295293
Belgium,2019,46116.69923
Belize,2019,4815.163711
Benin,2019,1219.432672
Bhutan,2019,3419.175
Bolivia,2019,3552.068762
Bosnia and Herz.,2019,6073.265203
Botswana,2019,7961.33814
Brazil,2019,8717.186278
Bulgaria,2019,9737.601351
Burkina Faso,2019,774.83969
Burundi,2019,261.247472
Cabo Verde,2019,3603.781794
Cambodia,2019,1643.121389
Cameroon,2019,1497.909176
Canada,2019,46194.72523
Central African Rep.,2019,467.907441
Chad,2019,709.54031
Chile,2019,14896.45387
China,2019,10261.67913
Colombia,2019,6432.387583
Comoros,2019,1393.522372
Dem. Rep. Congo,2019,545.216212
Congo,2019,2011.072399
Costa Rica,2019,12238.37496
Côte d'Ivoire,2019,2286.162777
Croatia,2019,14853.23984
Cuba,2019,9243.938
Cyprus,2019,27858.371
Czechia,2019,23101.7777
Denmark,2019,59822.09296
Djibouti,2019,3408.846254
Dominica,2019,8300.375074
Dominican Rep.,2019,8282.116222
Ecuador,2019,6183.823825
Egypt,2019,3020.03135
El Salvador,2019,4187.250031
Equatorial Guinea,2019,8131.923888
Estonia,2019,23659.87229
Eswatini,2019,3837.026994
Ethiopia,2019,857.501351
Fiji,2019,6220.046421
Finland,2019,48685.85399
France,2019,40493.92857
Gabon,2019,7667.366861
Gambia,2019,751.294688
Georgia,2019,4769.186543
Germany,2019,46258.87829
Ghana,2019,2202.115567
Greece,2019,19582.53601
Grenada,2019,10965.51316
Guatemala,2019,4619.987097
Guinea,2019,1064.131237
Guinea-Bissau,2019,697.784403
Greenland,2019,5468.356629
Haiti,2019,754.587918
Honduras,2019,2574.912191
Hong Kong,2019,48755.83508
Hungary,2019,16475.74184
Iceland,2019,66944.82551
India,2019,2104.1459
Indonesia,2019,4135.569263
Iran,2019,4006.315
Iraq,2019,5955.10901
Ireland,2019,78660.95646
Israel,2019,43641.39774
Italy,2019,33189.5658
Jamaica,2019,5582.263778
Japan,2019,40246.88013
Jordan,2019,4330.329346
Kazakhstan,2019,9731.145207
Kenya,2019,1816.546916
South Korea,2019,31761.97769
Kuwait,2019,32031.9801
Kyrgyzstan,2019,1309.392992
Laos,2019,2534.898277
Latvia,2019,17836.36489
Lebanon,2019,7784.316857
Lesotho,2019,1157.535164
Liberia,2019,621.892954
Libya,2019,7683.750611
Lithuania,2019,19455.45413
Luxembourg,2019,114704.5942
Macao SAR,2019,84096.39631
Madagascar,2019,522.219809
Malawi,2019,411.55234
Malaysia,2019,11414.83766
Maldives,2019,10790.50024
Mali,2019,890.737286
Mauritania,2019,1677.919253
Mauritius,2019,11203.54058
Mexico,2019,9863.072699
Moldova,2019,4498.52085
Mongolia,2019,4295.235025
Montenegro,2019,8832.036836
Morocco,2019,3204.095003
Mozambique,2019,491.804723
Myanmar,2019,1407.813143
Namibia,2019,4957.458006
Nepal,2019,1071.050761
Netherlands,2019,52447.83144
New Zealand,2019,42084.35337
Nicaragua,2019,1912.903745
Niger,2019,554.600969
Nigeria,2019,2229.858696
Macedonia,2019,6093.14769
Norway,2019,75419.63487
Oman,2019,15474.03248
Pakistan,2019,1284.702041
Panama,2019,15731.01603
Paraguay,2019,5414.799138
Peru,2019,6977.695784
Philippines,2019,3485.084218
Poland,2019,15595.22703
Portugal,2019,23145.04082
Qatar,2019,64781.7332
Romania,2019,12919.52964
Russia,2019,11584.99538
Rwanda,2019,801.656187
Samoa,2019,4315.920675
San Marino,2019,47899.63
Sao Tome and Principe,2019,1994.906467
Saudi Arabia,2019,23139.79866
Senegal,2019,1446.830965
Seychelles,2019,17401.72151
Sierra Leone,2019,504.462543
Singapore,2019,65233.28244
Slovakia,2019,19329.0968
Slovenia,2019,25739.24781
Solomon Islands,2019,2127.538508
South Africa,2019,6001.400814
Spain,2019,29613.67114
Sri Lanka,2019,3853.083693
Saint Kitts and Nevis,2019,19896.4957
Saint Lucia,2019,11611.41545
Saint Vincent and the Grenadines,2019,7463.537831
Sudan,2019,441.505603
Suriname,2019,6854.906561
Sweden,2019,51610.06606
Switzerland,2019,81993.72715
Syria,2019,630.6562
Tajikistan,2019,870.787589
Tanzania,2019,1122.12181
Thailand,2019,7808.192916
Timor-Leste,2019,1294.188934
Togo,2019,675.542213
Trinidad and Tobago,2019,17276.46545
Tunisia,2019,3317.541013
Turkey,2019,9042.492983
Turkmenistan,2019,8073.28
Turks and Caicos Islands,2019,27911.41
Uganda,2019,776.768576
Ukraine,2019,3659.031312
United Arab Emirates,2019,43103.32306
United Kingdom,2019,42300.26713
United States of America,2019,65118.35833
Uruguay,2019,16190.12696
Uzbekistan,2019,1724.841134
Vietnam,2019,2715.276036
Yemen,2019,1084.425
Zambia,2019,1291.343357
Zimbabwe,2019,1463.98591
